{"IcoMoonType":"selection","icons":[{"icon":{"paths":["M438.857 365.714c0-80.571-65.714-146.286-146.286-146.286s-146.286 65.714-146.286 146.286 65.714 146.286 146.286 146.286 146.286-65.714 146.286-146.286zM585.143 365.714c0 34.857-4 70.857-18.857 102.286l-208 442.286c-12 25.143-38.286 40.571-65.714 40.571s-53.714-15.429-65.143-40.571l-208.571-442.286c-14.857-31.429-18.857-67.429-18.857-102.286 0-161.714 130.857-292.571 292.571-292.571s292.571 130.857 292.571 292.571z"],"width":585.1428571428571,"attrs":[],"isMulticolor":false,"isMulticolor2":false,"tags":["map-marker"],"defaultCode":61505,"grid":14},"attrs":[],"properties":{"name":"map-marker","id":65,"order":8,"prevSize":28,"code":61505},"setIdx":1,"setId":5,"iconIdx":65},{"icon":{"paths":["M713.143 73.143c90.857 0 164.571 73.714 164.571 164.571v548.571c0 90.857-73.714 164.571-164.571 164.571h-107.429v-340h113.714l17.143-132.571h-130.857v-84.571c0-38.286 10.286-64 65.714-64l69.714-0.571v-118.286c-12-1.714-53.714-5.143-101.714-5.143-101.143 0-170.857 61.714-170.857 174.857v97.714h-114.286v132.571h114.286v340h-304c-90.857 0-164.571-73.714-164.571-164.571v-548.571c0-90.857 73.714-164.571 164.571-164.571h548.571z"],"width":877.7142857142857,"attrs":[],"isMulticolor":false,"isMulticolor2":false,"tags":["facebook-square"],"defaultCode":61570,"grid":14},"attrs":[],"properties":{"name":"facebook-square","id":123,"order":3,"prevSize":28,"code":61570},"setIdx":1,"setId":5,"iconIdx":123},{"icon":{"paths":["M585.143 512c0-80.571-65.714-146.286-146.286-146.286s-146.286 65.714-146.286 146.286 65.714 146.286 146.286 146.286 146.286-65.714 146.286-146.286zM664 512c0 124.571-100.571 225.143-225.143 225.143s-225.143-100.571-225.143-225.143 100.571-225.143 225.143-225.143 225.143 100.571 225.143 225.143zM725.714 277.714c0 29.143-23.429 52.571-52.571 52.571s-52.571-23.429-52.571-52.571 23.429-52.571 52.571-52.571 52.571 23.429 52.571 52.571zM438.857 152c-64 0-201.143-5.143-258.857 17.714-20 8-34.857 17.714-50.286 33.143s-25.143 30.286-33.143 50.286c-22.857 57.714-17.714 194.857-17.714 258.857s-5.143 201.143 17.714 258.857c8 20 17.714 34.857 33.143 50.286s30.286 25.143 50.286 33.143c57.714 22.857 194.857 17.714 258.857 17.714s201.143 5.143 258.857-17.714c20-8 34.857-17.714 50.286-33.143s25.143-30.286 33.143-50.286c22.857-57.714 17.714-194.857 17.714-258.857s5.143-201.143-17.714-258.857c-8-20-17.714-34.857-33.143-50.286s-30.286-25.143-50.286-33.143c-57.714-22.857-194.857-17.714-258.857-17.714zM877.714 512c0 60.571 0.571 120.571-2.857 181.143-3.429 70.286-19.429 132.571-70.857 184s-113.714 67.429-184 70.857c-60.571 3.429-120.571 2.857-181.143 2.857s-120.571 0.571-181.143-2.857c-70.286-3.429-132.571-19.429-184-70.857s-67.429-113.714-70.857-184c-3.429-60.571-2.857-120.571-2.857-181.143s-0.571-120.571 2.857-181.143c3.429-70.286 19.429-132.571 70.857-184s113.714-67.429 184-70.857c60.571-3.429 120.571-2.857 181.143-2.857s120.571-0.571 181.143 2.857c70.286 3.429 132.571 19.429 184 70.857s67.429 113.714 70.857 184c3.429 60.571 2.857 120.571 2.857 181.143z"],"width":877.7142857142857,"attrs":[],"isMulticolor":false,"isMulticolor2":false,"tags":["instagram"],"defaultCode":61805,"grid":14},"attrs":[],"properties":{"name":"instagram","id":329,"order":9,"prevSize":28,"code":61805},"setIdx":1,"setId":5,"iconIdx":329},{"icon":{"paths":["M555.429 442.857c0-82.286-42.857-131.429-114.857-131.429-94.857 0-196.571 94.286-196.571 246.857 0 85.143 42.286 133.714 116.571 133.714 114.857 0 194.857-131.429 194.857-249.143zM877.714 512c0 177.714-126.857 244.571-235.429 248-7.429 0-10.286 0.571-18.286 0.571-35.429 0-63.429-10.286-81.143-30.286-10.857-12.571-17.143-28.571-18.857-47.429-35.429 44.571-97.143 88-174.286 88-122.857 0-193.143-76-193.143-208.571 0-182.286 126.286-330.286 280.571-330.286 66.857 0 120.571 28.571 149.143 77.143l1.143-10.857 6.286-32c0.571-4.571 4.571-10.286 8.571-10.286h67.429c2.857 0 5.714 4 7.429 6.286 1.714 1.714 2.286 6.286 1.714 9.143l-68.571 350.857c-2.286 10.857-2.857 19.429-2.857 27.429 0 30.857 9.143 37.143 32.571 37.143 38.857-1.143 164.571-17.143 164.571-174.857 0-222.286-143.429-365.714-365.714-365.714-201.714 0-365.714 164-365.714 365.714s164 365.714 365.714 365.714c84 0 166.286-29.143 231.429-82.286 8-6.857 19.429-5.714 25.714 2.286l23.429 28c2.857 4 4.571 8.571 4 13.714-0.571 4.571-2.857 9.143-6.857 12.571-77.714 63.429-176.571 98.857-277.714 98.857-241.714 0-438.857-197.143-438.857-438.857s197.143-438.857 438.857-438.857c262.286 0 438.857 176.571 438.857 438.857z"],"width":877.7142857142857,"attrs":[],"isMulticolor":false,"isMulticolor2":false,"tags":["at"],"defaultCode":61946,"grid":14},"attrs":[],"properties":{"name":"at","id":461,"order":6,"prevSize":28,"code":61946},"setIdx":1,"setId":5,"iconIdx":461},{"icon":{"paths":["M562.857 556.571c9.714 0 102.857 48.571 106.857 55.429 1.143 2.857 1.143 6.286 1.143 8.571 0 14.286-4.571 30.286-9.714 43.429-13.143 32-66.286 52.571-98.857 52.571-27.429 0-84-24-108.571-35.429-81.714-37.143-132.571-100.571-181.714-173.143-21.714-32-41.143-71.429-40.571-110.857v-4.571c1.143-37.714 14.857-64.571 42.286-90.286 8.571-8 17.714-12.571 29.714-12.571 6.857 0 13.714 1.714 21.143 1.714 15.429 0 18.286 4.571 24 19.429 4 9.714 33.143 87.429 33.143 93.143 0 21.714-39.429 46.286-39.429 59.429 0 2.857 1.143 5.714 2.857 8.571 12.571 26.857 36.571 57.714 58.286 78.286 26.286 25.143 54.286 41.714 86.286 57.714 4 2.286 8 4 12.571 4 17.143 0 45.714-55.429 60.571-55.429zM446.857 859.429c197.714 0 358.857-161.143 358.857-358.857s-161.143-358.857-358.857-358.857-358.857 161.143-358.857 358.857c0 75.429 24 149.143 68.571 210.286l-45.143 133.143 138.286-44c58.286 38.286 127.429 59.429 197.143 59.429zM446.857 69.714c237.714 0 430.857 193.143 430.857 430.857s-193.143 430.857-430.857 430.857c-72.571 0-144.571-18.286-208.571-53.714l-238.286 76.571 77.714-231.429c-40.571-66.857-61.714-144-61.714-222.286 0-237.714 193.143-430.857 430.857-430.857z"],"width":877.7142857142857,"attrs":[],"isMulticolor":false,"isMulticolor2":false,"tags":["whatsapp"],"defaultCode":62002,"grid":14},"attrs":[],"properties":{"name":"whatsapp","id":511,"order":5,"prevSize":28,"code":62002},"setIdx":1,"setId":5,"iconIdx":511},{"icon":{"paths":["M73.143 804.571h585.143v-73.143h-585.143v73.143zM73.143 512h585.143v-73.143h-585.143v73.143zM969.143 768c0-30.286-24.571-54.857-54.857-54.857s-54.857 24.571-54.857 54.857 24.571 54.857 54.857 54.857 54.857-24.571 54.857-54.857zM73.143 219.429h585.143v-73.143h-585.143v73.143zM969.143 475.429c0-30.286-24.571-54.857-54.857-54.857s-54.857 24.571-54.857 54.857 24.571 54.857 54.857 54.857 54.857-24.571 54.857-54.857zM969.143 182.857c0-30.286-24.571-54.857-54.857-54.857s-54.857 24.571-54.857 54.857 24.571 54.857 54.857 54.857 54.857-24.571 54.857-54.857zM1024 658.286v219.429h-1024v-219.429h1024zM1024 365.714v219.429h-1024v-219.429h1024zM1024 73.143v219.429h-1024v-219.429h1024z"],"width":1024,"attrs":[],"isMulticolor":false,"isMulticolor2":false,"tags":["server"],"defaultCode":62003,"grid":14},"attrs":[],"properties":{"name":"server","id":512,"order":4,"prevSize":28,"code":62003},"setIdx":1,"setId":5,"iconIdx":512}],"height":1024,"metadata":{"name":"icomoon"},"preferences":{"showGlyphs":true,"showQuickUse":true,"showQuickUse2":true,"showSVGs":true,"fontPref":{"prefix":"icon-","metadata":{"fontFamily":"icomoon"},"metrics":{"emSize":1024,"baseline":6.25,"whitespace":50},"embed":false,"resetPoint":59648},"imagePref":{"prefix":"icon-","png":true,"useClassSelector":true,"color":0,"bgColor":16777215,"classSelector":".icon","name":"icomoon"},"historySize":50,"showCodes":true,"gridSize":16}}